pangji,5ecc4a59-bcaa-3481-9fd3-98c04c761be4
rbq,7927822c-4aaa-3688-9611-b3d10e9e16ee
ako,7ed22766-05c5-382b-a1f6-7c93eed861fa
nataliatsunako,184fefba-6a38-33e9-bbfa-eb5789fd2028
hollywu,1570b02a-0545-32bc-9864-1782548a6f22
mercury,cb0ac5ea-5927-3c65-9a87-08b5dfa3e5f4
richang,ebe29e89-e06b-3194-bf90-191de0119fc8
tax,d058b140-bb37-3366-9c6b-6384956ee08b
farmerwu,569d4369-4c09-32c1-baec-ac5f1e0c8b95
hiahia,afd5dc7f-483c-3fef-8152-0d1fac58877b
zuxt,bb245350-6e7f-3ce2-a964-14c8bb44fd71
yuuka,21fdd980-b6fd-3406-b29b-d78cee94d42d
vigger,6264ce04-bda1-3234-ac4e-a015af30eb22
asuka,10eb7960-f5d6-3c1a-bb02-e3c285749f2e
sodital,9ba71dc9-8050-3228-b63e-3bf88103b259
zanjitsu,7b371a7f-eeb0-3f33-a289-79bb26d420a9
richangp,ead200cf-06ac-3b39-9c22-ef59b1c9ed7f
tsunako,e1f991e3-0d1e-3c52-9ce9-5030c778e29d
jerry,13b4fa21-e3a7-3d37-8125-d8339686319b
